ilename,text_flow_score,writing_standard_score,structure_score,references_score,formulas_score,images_and_tables_score,pdf_length_score,word_count_score,title_score,total_score
C001.pdf,7,5.612586476232984,4.0,10,10,7,0.0,7,3.9393939393939394,54.55198041562692
C002.pdf,7,5.647699041760321,0.75,10,10,10,2.0229999999999997,10,4.242424242424242,59.66312328418456
C003.pdf,7,5.56898928836568,4.0,9,10,10,0.0,10,4.242424242424242,59.81141353078992
C004.pdf,7,4.524011128583525,4.5,10,10,5,1.0760000000000005,10,5.37190082644628,57.4719119550298
C005.pdf,7,5.095571991163192,4.0,10,10,10,0.0,10,3.6363636363636367,59.73193562752682
C006.pdf,7,5.574123097286565,4.0,10,6,10,5.083,10,6.828777283322738,64.48590038060931
C007.pdf,7,4.894610627287644,4.0,4,5,0,0.0,10,4.848484848484849,39.7430954757725
C008.pdf,7,5.420495521693614,3.75,10,10,8,10.0,10,2.121212121212121,66.29170764290573
C009.pdf,7,5.243981782693559,3.75,10,10,7,3.069000000000001,10,4.242424242424242,60.305406025117804
C010.pdf,7,5.988407565588774,5.0,10,10,3,8.479333333333333,10,0.9090909090909092,60.37683180801301
C011.pdf,7,5.390098099325567,1.75,10,10,10,0.0,10,5.068870523415978,59.20896862274155
C012.pdf,7,5.431378569235493,1.75,1,10,6,0.0,8,6.129476584022039,45.31085515325753
C013.pdf,7,5.312331233123312,4.75,1,4,2,0.3470000000000013,10,4.848484848484849,39.25781608160816
C014.pdf,7,4.968041836141778,4.5,2,10,7,0.0,10,3.6363636363636367,49.10440547250542
C015.pdf,7,5.086826347305388,2.75,4,10,10,0.0,9,4.242424242424242,52.07925058972963
C016.pdf,7,5.444697833523375,4.5,0,10,5,0.0,9,5.8264462809917354,46.77114411451511
C017.pdf,7,5.837513631406761,1.0,10,10,10,2.1029999999999998,10,5.37190082644628,61.312414457853045
C018.pdf,7,5.355171144644829,3.75,0,2,10,7.51,8,4.545454545454545,48.16062569009937
C019.pdf,7,5.477331606217617,4.25,10,10,7,4.837666666666666,10,2.121212121212121,60.686210394096406
C020.pdf,7,5.230959097320169,4.0,0,8,3,0.8360000000000003,10,3.0303030303030303,41.0972621276232
C021.pdf,7,4.903256574465186,3.5,10,10,2,0.0,10,5.068870523415978,52.47212709788117
C022.pdf,7,5.563077939233818,3.75,0,10,10,5.8309999999999995,7,3.6363636363636367,52.780441575597465
C023.pdf,7,5.761150018429783,2.5,1,1,0,1.4699999999999989,2,5.37190082644628,26.10305084487606
C024.pdf,7,5.874439461883409,4.0,3,1,3,0.0,0,3.9393939393939394,27.81383340127735
C025.pdf,7,5.029667831198359,1.5,0,10,10,0.0,10,5.247933884297521,48.777601715495884
C026.pdf,7,5.314798653534472,3.0,7,10,10,4.5280000000000005,10,5.068870523415978,61.91166917695044
C027.pdf,7,5.514247971315342,1.0,10,10,10,0.0,10,4.242424242424242,57.756672213739584
C028.pdf,7,5.794172932330826,4.75,0,10,7,6.715,8,3.9393939393939394,53.198566871724765
C029.pdf,7,5.639374425022999,3.75,10,10,5,8.867,10,3.333333333333333,63.58970775835633
C030.pdf,7,5.672837308650766,3.0,0,10,0,0.504999999999999,10,5.37190082644628,41.549738135097044
C031.pdf,7,5.495824634655532,4.0,10,10,10,0.36599999999999966,10,3.333333333333333,60.19515796798887
C032.pdf,7,5.510002469745617,4.0,0,10,10,0.0,6,2.727272727272727,45.23727519701834
C033.pdf,7,5.406011664423508,3.75,7,1,8,1.1500000000000004,9,3.6363636363636367,45.94237530078715
C034.pdf,8,6.086956521739131,2.5,0,0,0,0.0,0,0.0,16.586956521739133
C035.pdf,7,5.361226611226612,4.75,10,10,10,0.0,10,1.8181818181818183,58.92940842940843
C036.pdf,7,5.43834974214721,1.5,0,5,8,0.0,2,3.333333333333333,32.271683075480546
C037.pdf,7,5.389041781336003,4.0,10,10,9,1.4939999999999998,10,3.9393939393939394,60.82243572072994
C038.pdf,7,5.946587537091989,4.0,2,0,0,0.0,4,3.9393939393939394,26.88598147648593
C039.pdf,7,5.869947275922671,0.0,0,0,0,0.0,0,0.9090909090909092,13.77903818501358
C040.pdf,7,5.467445742904841,4.25,7,10,10,3.101000000000001,10,4.848484848484849,61.66693059138969
C041.pdf,7,5.9709379128137385,4.5,0,4,0,1.6870000000000012,2,2.4242424242424243,27.582180337056165
C042.pdf,7,5.28235511942233,5.0,10,10,10,5.231999999999999,10,4.848484848484849,67.36283996790718
C043.pdf,7,5.266382978723404,4.5,10,10,10,0.0,9,4.242424242424242,60.00880722114764
C044.pdf,7,5.3585042657469595,2.5,8,10,10,3.4800000000000004,10,5.37190082644628,61.71040509219324
C045.pdf,7,5.474224658294595,1.5,10,10,10,4.680999999999999,10,6.250264886628524,64.90548954492311
C046.pdf,7,5.384492915140902,3.5,6,10,10,2.232,10,2.727272727272727,56.84376564241363
C047.pdf,7,5.743414719523935,4.5,10,10,10,7.991999999999999,10,1.5151515151515151,66.75056623467545
C048.pdf,7,5.264518352576254,3.5,10,10,10,4.401666666666666,10,5.674931129476583,65.8411161487195
C049.pdf,7,5.528804815133276,2.25,10,10,10,0.054999999999999716,10,3.6363636363636367,58.47016845149692
C050.pdf,7,5.737605804111245,4.0,7,10,7,0.0,10,4.242424242424242,54.98003004653549
C051.pdf,7,5.572060324299807,4.0,2,10,10,3.904,10,3.6363636363636367,56.11242396066345
C052.pdf,7,5.206283118849356,4.0,10,10,10,4.1370000000000005,10,4.242424242424242,64.58570736127359
C053.pdf,7,5.6060606060606055,3.5,0,10,7,2.8810000000000002,10,2.727272727272727,48.714333333333336
C054.pdf,7,5.7742561788319255,4.5,10,10,10,3.0519999999999996,10,6.129476584022039,66.45573276285397
C055.pdf,7,5.359537147580127,3.5,10,10,10,8.69,10,5.8264462809917354,70.37598342857186
C056.pdf,7,5.376626101552665,4.0,0,10,10,8.850666666666667,10,1.8181818181818183,57.045474586401156
C057.pdf,7,5.8369665741841725,3.75,2,10,5,0.0,10,4.848484848484849,48.435451422669026
C058.pdf,7,5.1550832854681214,4.5,10,10,6,0.0,10,5.8264462809917354,58.481529566459855
C059.pdf,7,5.701225086853173,2.0,4,10,9,0.0,10,5.247933884297521,52.949158971150695
C060.pdf,7,5.394316163410302,2.25,9,10,10,4.561,10,5.068870523415978,63.27418668682628
C061.pdf,7,5.394338380513496,5.0,0,10,2,10.0,10,3.6363636363636367,53.03070201687713
C062.pdf,7,5.951825951825952,4.5,0,6,0,2.5519999999999996,3,2.121212121212121,31.125038073038073
C063.pdf,7,5.79334916864608,3.0,8,10,9,0.0,3,3.6363636363636367,49.429712805009714
C064.pdf,7,5.816917728852839,4.0,0,10,8,0.0,6,4.242424242424242,45.059341971277085
C065.pdf,7,5.732168470465511,4.5,2,10,10,5.465,10,5.37190082644628,60.06906929691179
C066.pdf,7,4.861062258177981,4.5,10,10,4,0.7970000000000006,10,4.4903581267217625,55.64842038489974
C067.pdf,7,5.413156839149619,4.5,1,3,3,7.943,9,2.727272727272727,43.583429566422346
C068.pdf,7,5.607015791773298,3.5,10,10,10,7.102,10,4.545454545454545,67.75447033722784
C069.pdf,7,5.338327694538424,3.0,0,10,10,10.0,10,3.6363636363636367,58.97469133090206
C070.pdf,7,5.535126766015096,4.25,0,10,2,1.3419999999999987,9,4.848484848484849,43.97561161449995
C071.pdf,7,5.318980319640735,3.5,8,10,7,0.0,10,3.9393939393939394,54.758374259034674
C072.pdf,7,5.682116309575863,4.5,1,10,10,1.1900000000000013,10,6.129476584022039,55.501592893597895
C073.pdf,7,5.092877719280819,4.0,8,10,10,0.0,10,5.523415977961433,59.616293697242256
C074.pdf,7,4.924874791318865,1.0,0,2,1,0.0,0,3.0303030303030303,18.955177821621895
C075.pdf,7,5.493496557000766,2.75,1,10,10,0.0,10,6.250264886628524,52.49376144362929
C076.pdf,7,5.578286644193886,5.5,0,10,10,2.386,10,5.068870523415978,55.53315716760987
C077.pdf,7,4.7063916876574305,3.75,10,10,10,4.617000000000001,10,4.545454545454545,64.61884623311198
C078.pdf,7,5.365211669225708,3.25,10,10,10,1.6790000000000003,10,5.37190082644628,62.66611249567199
C079.pdf,7,5.323416723011043,3.75,9,10,8,1.2699999999999996,10,3.9393939393939394,58.282810662404984
C080.pdf,7,5.92612769666594,4.5,0,10,10,3.3529999999999998,10,5.37190082644628,56.151028523112224
C081.pdf,7,5.267175572519084,5.0,10,10,10,0.0,5,4.848484848484849,57.11566042100393
C082.pdf,7,5.43232396935425,3.0,10,10,10,0.0,8,3.9393939393939394,57.37171790874819
C083.pdf,7,5.447900466562986,4.0,10,6,3,0.8559999999999999,10,4.848484848484849,51.15238531504784
C084.pdf,7,5.430036979601574,4.5,7,10,10,8.167,10,3.9393939393939394,66.03643091899552
C085.pdf,7,5.3375852210248524,4.0,7,10,10,0.0,10,6.432506887052342,59.77009210807719
C086.pdf,7,5.096050407253728,1.5,2,10,6,0.0,10,4.462809917355371,46.0588603246091
C087.pdf,7,5.519542421353671,4.5,0,10,10,0.0,10,5.8264462809917354,52.84598870234541
C088.pdf,7,5.190003153579312,2.5,7,10,10,2.7729999999999997,10,5.94723458359822,60.410237737177525
C089.pdf,7,5.20069137699251,3.5,10,10,10,5.434333333333332,10,5.674931129476583,66.80995583980243
C090.pdf,7,5.937912813738441,3.75,7,2,1,2.314,3,3.6363636363636367,35.63827645010208
C091.pdf,7,5.5018065034122845,2.25,10,10,10,6.775,10,2.727272727272727,64.25407923068501
C092.pdf,7,5.454545454545454,3.5,10,10,10,1.0599999999999987,10,4.765840220385675,61.78038567493113
C093.pdf,7,5.917485265225934,3.75,0,4,0,0.0,0,1.8181818181818183,22.485667083407755
C094.pdf,7,5.490196078431373,4.0,0,6,0,0.0,0,2.727272727272727,25.2174688057041
C095.pdf,7,5.11959037665708,2.75,10,10,10,3.1229999999999993,10,5.523415977961433,63.51600635461851
C096.pdf,7,5.691756965944272,4.0,10,10,10,5.08,10,3.333333333333333,65.1050902992776
C097.pdf,7,5.420598544081963,3.25,4,10,10,0.0,10,4.765840220385675,54.43643876446764
C098.pdf,7,5.623718386876282,4.75,10,8,9,0.16999999999999993,10,2.727272727272727,57.27099111414901
C099.pdf,7,5.674723061430011,1.25,0,7,5,0.0,0,1.2121212121212122,27.136844273551223
C100.pdf,7,6.068796068796068,1.75,0,9,2,0.0,0,2.727272727272727,28.546068796068795
C101.pdf,7,5.092932257275617,3.5,9,10,10,3.0589999999999993,10,5.37190082644628,63.0238330837219
C102.pdf,7,4.792568542568542,3.5,0,10,8,0.0,8,3.6363636363636367,44.928932178932186
C103.pdf,7,5.438586259185816,3.75,7,10,10,4.711,10,3.6363636363636367,61.53594989554945
C104.pdf,7,5.641723356009071,4.0,10,10,10,2.5519999999999996,10,4.242424242424242,63.43614759843331
C105.pdf,7,4.898640591461961,4.25,10,10,10,1.8680000000000003,10,4.242424242424242,62.25906483388621
C106.pdf,7,5.155465515722717,3.75,10,10,10,10.0,10,5.068870523415978,70.97433603913869
C107.pdf,7,5.323801513877208,1.5,0,10,9,0.0,10,2.727272727272727,45.551074241149934
C108.pdf,7,4.791313875884052,4.25,1,10,10,8.190666666666667,10,3.0303030303030303,58.26228357285375
C109.pdf,7,4.90943869926475,2.25,10,10,10,2.9480000000000004,10,7.478127932673386,64.58556663193814
C110.pdf,7,5.199086161879896,3.75,10,10,10,0.9819999999999993,10,1.8181818181818183,58.74926798006172
C111.pdf,7,4.5442598329109165,4.0,10,10,10,0.0,10,3.0303030303030303,58.57456286321395
C112.pdf,7,5.477150537634409,3.75,0,10,10,5.721,6,3.0303030303030303,50.978453567937436
C113.pdf,7,5.386229639252523,3.75,0,10,10,0.4089999999999989,10,2.121212121212121,48.666441760464636
C114.pdf,7,5.3172620986715895,4.0,10,10,10,3.7859999999999996,10,3.6363636363636367,63.73962573503523
C115.pdf,7,5.237273511647972,4.5,2,10,9,0.4559999999999995,10,5.37190082644628,53.56517433809425
C116.pdf,7,4.51701034280882,3.25,10,10,10,0.0,10,6.828777283322738,61.59578762613155
C117.pdf,7,5.240729358737964,3.5,10,10,10,6.177,10,5.674931129476583,67.59266048821455
C118.pdf,8,5.458316051430941,4.75,1,10,2,1.0359999999999996,4,2.727272727272727,38.97158877870367
C119.pdf,7,5.78387458006719,1.5,3,10,8,0.15800000000000125,8,2.727272727272727,46.16914730733992
C120.pdf,7,5.594594594594594,0.75,2,10,10,1.2970000000000006,10,4.242424242424242,50.884018837018836
C121.pdf,7,5.648475475033142,3.0,0,10,10,0.0,10,3.333333333333333,48.98180880836647
C122.pdf,7,5.396732788798133,3.75,0,10,2,0.0,1,5.37190082644628,34.51863361524441
C123.pdf,7,5.655711031565246,3.75,0,2,3,0.0,4,3.9393939393939394,29.345104970959184
C124.pdf,7,5.85743566385789,3.75,10,10,9,0.0,6,3.6363636363636367,55.243799300221525
C125.pdf,7,5.48762927084697,2.25,4,10,10,0.0,10,5.8264462809917354,54.5640755518387
C126.pdf,7,5.414752116082226,3.5,7,10,7,0.0,10,4.545454545454545,54.46020666153677
C127.pdf,7,5.46486691055885,3.5,6,10,9,9.766,10,3.0303030303030303,63.76116994086188
C128.pdf,7,5.065854137998821,2.0,10,10,8,0.0,10,2.727272727272727,54.793126865271546
C129.pdf,7,5.754614549402824,3.25,1,0,7,0.0,1,4.848484848484849,29.85309939788767
C130.pdf,7,5.318188101930787,3.5,10,10,10,1.0809999999999995,10,3.333333333333333,60.232521435264125
C131.pdf,7,5.250802384227419,5.0,2,10,10,0.0,10,6.828777283322738,56.079579667550156
C132.pdf,7,5.353273451245486,1.75,10,10,10,2.3609999999999998,10,3.333333333333333,59.79760678457882
C133.pdf,7,5.28476821192053,1.5,3,10,5,1.7080000000000002,10,3.0303030303030303,46.52307124222356
C134.pdf,7,5.617194689102143,1.5,10,10,9,2.9619999999999997,10,4.848484848484849,60.92767953758699
C135.pdf,7,4.932892835019616,4.0,5,4,0,7.2059999999999995,8,2.727272727272727,42.866165562292345
C136.pdf,7,5.325963718820862,1.0,0,10,7,0.0,6,2.121212121212121,38.44717584003298
C137.pdf,7,5.992190768372612,3.75,3,10,10,0.0,10,5.674931129476583,55.41712189784919
C138.pdf,7,5.260357891342898,0.75,10,10,10,7.542,8,0.9090909090909092,59.46144880043381
C139.pdf,7,5.846774193548388,2.75,0,0,0,0.0,0,0.9090909090909092,16.505865102639298
C140.pdf,7,5.456216577540108,1.75,1,10,6,0.29100000000000037,10,2.727272727272727,44.224489304812835
C141.pdf,7,5.185599152891347,2.5,7,10,10,3.167,10,6.553295189658826,61.40589434255018
C142.pdf,7,6.180237877401646,3.75,3,10,8,3.2430000000000003,4,2.727272727272727,47.90051060467437
C143.pdf,7,4.9991018501886115,4.5,10,10,1,7.677,10,3.0303030303030303,58.20640488049164
C144.pdf,7,5.157695223654284,4.5,6,10,10,2.125,10,4.848484848484849,59.63118007213914
C145.pdf,7,4.866274179983179,2.25,10,10,10,0.2530000000000001,10,5.068870523415978,59.43814470339916
C146.pdf,7,5.546707503828484,4.75,9,10,10,6.857666666666667,10,3.6363636363636367,66.79073780685879
C147.pdf,7,5.216580928949527,2.75,0,10,10,1.077,10,4.545454545454545,50.58903547440407
C148.pdf,7,5.284946236559139,2.75,7,10,7,1.2959999999999994,10,4.242424242424242,54.57337047898338
C149.pdf,7,5.647332158307964,4.25,8,10,10,1.3350000000000009,10,5.37190082644628,61.60423298475424
C150.pdf,7,5.282151070228197,3.75,0,10,10,9.166,10,2.727272727272727,57.92542379750092
C151.pdf,7,5.325339282394497,4.5,10,10,10,7.687333333333333,10,3.0303030303030303,67.54297564603087
C152.pdf,7,5.764633772601901,0.75,0,7,10,1.0599999999999987,2,0.9090909090909092,34.483724681692806
C153.pdf,7,5.518953983377255,3.5,10,10,9,2.1630000000000003,10,2.4242424242424243,59.60619640761968
C154.pdf,7,5.465702844661708,4.75,10,10,10,1.032,10,4.848484848484849,63.096187693146554
C155.pdf,7,5.411399591249716,4.25,10,10,10,7.019,10,3.0303030303030303,66.71070262155274
C156.pdf,7,5.410248958636056,4.5,10,10,10,0.0,10,4.848484848484849,61.75873380712091
C157.pdf,7,5.812514870330716,3.5,0,7,10,0.3990000000000009,7,6.129476584022039,46.84099145435275
C158.pdf,7,5.418633106100332,3.5,3,10,5,0.6699999999999999,10,4.545454545454545,49.13408765155488
C159.pdf,7,5.888954518606024,2.25,0,2,2,0.0,0,4.545454545454545,23.684409064060567
C160.pdf,7,5.73507613529174,3.75,5,10,10,8.301,9,5.37190082644628,64.15797696173803
C161.pdf,7,5.464051289879408,2.25,3,10,7,0.0,10,3.333333333333333,48.04738462321274
C162.pdf,7,5.466414380321664,4.0,10,10,7,0.0,8,3.333333333333333,54.799747713655
C163.pdf,7,5.0606884057971016,4.5,10,10,10,0.0,10,5.37190082644628,61.93258923224338
C164.pdf,7,4.7879928670497325,4.5,6,10,10,6.474,10,3.333333333333333,62.09532620038306
C165.pdf,7,6.037252221462747,4.0,2,7,7,5.186999999999999,6,5.977961432506886,50.202213653969636
C166.pdf,7,4.949053857350801,1.75,0,10,10,2.4160000000000004,10,3.333333333333333,49.44838719068414
C167.pdf,7,5.979158724107256,3.75,3,10,10,3.1099999999999994,10,5.674931129476583,58.51408985358384
C168.pdf,6,0.0,0.0,0,0,0,0.0,0,0.0,6.0
C169.pdf,7,5.4166054371785455,1.75,6,10,10,0.0,9,2.727272727272727,51.89387816445127
C170.pdf,7,4.9504950495049505,3.25,1,10,10,5.093,10,4.242424242424242,55.5359192919292
C171.pdf,7,5.524675324675324,1.5,5,10,7,0.0,5,2.727272727272727,43.751948051948055
C172.pdf,7,5.675615337389072,4.5,10,10,10,1.9580000000000002,10,4.848484848484849,63.982100185873925
C173.pdf,7,5.434811037007977,4.0,1,10,10,0.0,10,6.129476584022039,53.56428762103001
C174.pdf,7,5.364778847723192,3.25,10,10,10,1.748000000000001,10,3.6363636363636367,60.99914248408683
C175.pdf,7,5.410146989094358,2.5,5,10,10,8.742,10,3.6363636363636367,62.288510625458
C176.pdf,7,6.074121610781326,3.25,3,10,10,6.340999999999999,7,4.242424242424242,56.90754585320557
C177.pdf,7,4.991011948820979,2.75,5,10,10,0.0,10,5.37190082644628,55.11291277526726
C178.pdf,8,4.514932656646496,2.75,1,7,10,6.704000000000001,7,2.727272727272727,49.69620538391922
C179.pdf,7,5.433396519041875,1.75,6,10,10,1.875,10,7.267984540711813,59.32638105975369
C180.pdf,7,4.596395951616884,4.0,10,10,7,4.430999999999999,10,4.242424242424242,61.269820194041124
C181.pdf,7,5.86870026525199,4.5,2,5,0,0.05799999999999983,1,2.727272727272727,28.153972992524714
C182.pdf,7,5.674849555831503,5.25,10,10,10,6.2170000000000005,10,3.9393939393939394,68.08124349522544
C183.pdf,7,5.851410747199774,5.0,1,10,0,0.0,10,3.9393939393939394,42.79080468659371
C184.pdf,7,4.893677346186561,2.25,0,0,0,0.0,4,3.333333333333333,21.477010679519893
C185.pdf,7,5.40638111035223,4.25,10,10,10,4.737,10,6.129476584022039,67.52285769437427
C186.pdf,7,5.2313197580301605,4.0,0,10,1,0.8559999999999999,10,6.432506887052342,44.5198266450825
C187.pdf,8,5.555773570097125,4.25,10,10,9,3.5,10,5.37190082644628,65.67767439654341
C188.pdf,7,5.990975355779243,2.75,0,7,0,0.0,2,3.9393939393939394,28.68036929517318
C189.pdf,7,5.6513285806869735,2.5,0,8,0,0.0,9,3.333333333333333,35.48466191402031
C190.pdf,7,5.455506235468189,4.0,0,10,9,0.0,5,3.9393939393939394,44.39490017486213
C191.pdf,7,5.496267625103677,3.5,7,10,0,0.0,3,2.121212121212121,38.117479746315794
C192.pdf,7,5.532820224016018,5.0,10,10,10,4.054,10,6.828777283322738,68.41559750733876
C193.pdf,7,5.587799456655964,3.25,2,10,10,0.8330000000000002,10,2.121212121212121,50.79201157786808
C194.pdf,7,5.077346167067721,3.5,3,10,10,2.521,10,5.068870523415978,56.1672166904837
C195.pdf,7,5.362318840579711,4.5,6,10,10,0.9570000000000007,10,4.848484848484849,58.66780368906456
C196.pdf,7,5.92863475177305,4.5,0,10,4,1.9130000000000003,10,4.848484848484849,48.1901196002579
C197.pdf,7,5.161290322580645,2.25,0,4,0,0.0,0,3.0303030303030303,21.441593352883675
C198.pdf,7,5.170777988614801,4.0,10,10,10,3.519,10,5.37190082644628,65.06167881506109
C199.pdf,7,5.8222849083215795,4.0,0,8,1,3.476000000000001,4,3.0303030303030303,36.32858793862461
C200.pdf,7,5.611721611721611,5.0,0,10,5,2.9080000000000004,10,2.4242424242424243,47.943964035964036
C201.pdf,7,5.309474919331182,2.25,6,10,10,0.0,10,5.37190082644628,55.93137574577746
C202.pdf,7,5.711699284421071,4.5,0,10,10,0.0,10,4.242424242424242,51.454123526845315
C203.pdf,7,5.926224226804123,3.25,5,10,3,0.0,10,6.129476584022039,50.30570081082616
C204.pdf,7,6.196047841913677,2.0,6,10,1,0.0,3,1.2121212121212122,36.408169054034886
C205.pdf,7,5.5746859004188,4.0,0,10,5,0.0,6,3.9393939393939394,41.51407983981274
C206.pdf,7,6.061688311688311,4.0,0,10,3,1.6170000000000009,2,3.9393939393939394,37.61808225108225
C207.pdf,7,5.348231589147287,4.5,0,10,10,3.1980000000000004,10,4.848484848484849,54.89471643763214
C208.pdf,7,5.182500647165416,3.75,10,10,10,9.861,10,4.848484848484849,70.64198549565026
C209.pdf,7,4.938887757180688,3.0,10,10,10,0.0,10,5.853994490358127,60.79288224753881
C210.pdf,7,5.596945427453902,3.25,10,10,10,0.0,9,3.333333333333333,58.18027876078724
C211.pdf,7,5.308138286450505,2.25,0,10,1,0.5410000000000004,9,3.333333333333333,38.43247161978384
C212.pdf,7,5.368720613709478,4.0,9,10,10,2.0709999999999997,10,3.9393939393939394,61.37911455310341
C213.pdf,7,5.408065618591934,4.0,6,10,10,2.309,10,5.8264462809917354,60.54351189958366
C214.pdf,7,5.450798557444616,4.0,10,8,0,0.1999999999999993,10,3.6363636363636367,48.28716219380826
C215.pdf,7,5.606452407338997,4.5,10,10,10,1.6829999999999998,10,4.242424242424242,63.03187664976324
C216.pdf,7,5.50761421319797,1.0,0,10,4,0.0,10,2.727272727272727,40.234886940470695
C217.pdf,7,5.799562804775516,3.75,10,10,10,3.731,10,7.131807586353041,67.41237039112856
C218.pdf,7,5.53841454101115,3.25,0,10,9,0.0,10,4.545454545454545,49.3338690864657
C219.pdf,7,5.607689504373178,3.25,10,10,7,0.10599999999999987,10,2.4242424242424243,55.3879319286156
C220.pdf,7,4.399838702450827,4.0,10,10,10,0.6900000000000013,10,5.523415977961433,61.61325468041227
C221.pdf,7,4.879681563235028,4.5,10,9,4,0.0,7,3.9393939393939394,50.31907550262896
C222.pdf,7,5.622707423580787,4.25,8,10,8,1.0099999999999998,10,2.121212121212121,56.00391954479291
C223.pdf,7,5.619519634006862,3.25,1,5,7,0.0,2,2.727272727272727,33.59679236127959
C224.pdf,7,5.379914106375949,2.0,10,10,10,1.3550000000000004,10,2.727272727272727,58.46218683364868
C225.pdf,7,5.632131446827932,6.0,10,10,10,0.0,10,5.37190082644628,64.00403227327422
C226.pdf,7,5.145631067961165,4.0,10,10,10,0.0,10,5.853994490358127,61.99962555831929
C227.pdf,7,5.2100343154656255,4.5,1,10,7,10.0,10,6.129476584022039,60.839510899487664
C228.pdf,7,5.619366852886406,3.75,10,10,10,3.8119999999999994,10,2.727272727272727,62.90863958015913
C229.pdf,7,5.468366846493379,4.0,0,0,0,1.068999999999999,2,0.6060606060606061,20.143427452553983
C230.pdf,7,5.708602685231227,4.5,0,10,10,0.0,10,4.242424242424242,51.45102692765547
C231.pdf,7,5.657514450867051,3.75,0,1,3,0.0,0,0.9090909090909092,21.31660535995796
C232.pdf,7,6.73928320449754,4.25,3,2,0,0.0,0,3.333333333333333,26.32261653783087
C233.pdf,7,5.07973836995664,4.25,10,10,10,9.485,10,5.798898071625345,71.61363644158199
C234.pdf,7,5.506086376521594,4.5,0,10,10,0.0,9,4.242424242424242,50.248510618945836
C235.pdf,8,5.352415026833631,3.5,0,0,7,3.817,4,0.6060606060606061,32.27547563289424
C236.pdf,7,4.336910094801542,2.75,4,10,10,3.423,10,3.9393939393939394,55.44930403419548
C237.pdf,7,5.710521693307571,4.5,0,10,10,0.47499999999999964,9,6.432506887052342,53.11802858035991
C238.pdf,7,5.13541344866646,1.0,10,10,8,0.0,10,5.068870523415978,56.204283972082436
C239.pdf,7,5.411640211640211,4.0,4,10,8,10.0,10,3.333333333333333,61.74497354497355
C240.pdf,7,5.356425702811245,1.5,2,10,10,1.032,10,2.727272727272727,49.615698430083974
C241.pdf,7,5.412551283999392,4.0,4,10,10,0.0,10,2.727272727272727,53.13982401127212
C242.pdf,7,5.125465436295936,4.5,7,10,2,0.0,10,4.848484848484849,50.47395028478079
C243.pdf,7,5.216773276474768,3.75,4,10,8,0.0,2,4.848484848484849,44.81525812495962
C244.pdf,7,5.5727365208545265,2.5,0,7,9,0.0,7,3.9393939393939394,42.012130460248464
C245.pdf,7,5.655250853026665,4.0,0,10,10,4.0280000000000005,10,7.478127932673386,58.16137878570005
C246.pdf,7,4.589766210851345,2.0,4,10,4,0.0,8,4.765840220385675,44.35560643123702
C247.pdf,7,5.413262854396924,4.5,3,10,2,0.6879999999999988,7,4.848484848484849,44.44974770288177
C248.pdf,7,5.8939381709581085,3.5,10,10,10,0.0,10,7.267984540711813,63.661922711669924
C249.pdf,7,4.871654833424358,2.75,6,10,10,10.0,10,3.6363636363636367,64.258018469788
C250.pdf,7,5.457737321196358,4.5,8,10,9,0.0,10,7.80870644507008,61.76644376626644
C251.pdf,7,5.4363256784968685,3.25,7,10,10,2.311,10,3.6363636363636367,58.633689314860504
C252.pdf,7,5.393419170243204,3.25,10,8,1,0.0,10,3.333333333333333,47.97675250357654
C253.pdf,7,5.391914191419142,2.25,5,10,2,0.0,1,3.333333333333333,35.975247524752476
C254.pdf,7,5.112659698025551,2.5,1,10,10,2.9690000000000003,7,4.545454545454545,50.1271142434801
C255.pdf,7,5.6672104404567705,4.0,8,10,3,10.0,10,2.727272727272727,60.3944831677295
C256.pdf,7,5.271007639141506,4.5,10,10,6,2.87,10,4.242424242424242,59.88343188156574
C257.pdf,7,5.72224432948667,1.5,1,10,3,0.0,3,3.333333333333333,34.555577662820006
C258.pdf,7,5.134720980717661,3.25,0,10,3,1.218,10,2.727272727272727,42.32999370799039
C259.pdf,7,5.280935368626177,3.5,6,10,10,0.0,10,3.6363636363636367,55.417299004989815
C260.pdf,7,5.416876122082586,5.0,8,10,10,8.316,10,4.242424242424242,67.97530036450684
C261.pdf,7,5.229383101958261,3.0,0,10,10,0.47499999999999964,10,6.222716677262131,51.9270997792204
C262.pdf,7,5.660028449502134,5.0,0,10,10,0.9849999999999994,10,5.37190082644628,54.016929275948414
C263.pdf,7,5.483353884093711,1.5,9,10,9,3.109,10,2.727272727272727,57.81962661136644
C264.pdf,7,5.250568113861979,3.75,4,10,10,3.7859999999999996,10,5.37190082644628,59.15846894030826
C265.pdf,7,6.251626898047721,4.0,2,0,1,0.0,0,4.848484848484849,25.10011174653257
C266.pdf,6,5.409901517167953,3.75,0,10,0,9.098,10,0.9090909090909092,45.16699242625886
C267.pdf,7,5.450533284295696,4.0,10,10,10,5.077999999999999,10,5.853994490358127,67.38252777465382
C268.pdf,7,5.26130286825474,3.5,8,10,10,0.4190000000000005,10,3.6363636363636367,57.81666650461838
C269.pdf,7,5.3866221433789,3.75,2,10,10,2.1260000000000003,10,4.545454545454545,54.808076688833445
C270.pdf,7,5.322039315966118,1.5,3,10,10,1.402000000000001,10,5.523415977961433,53.74745529392756
C271.pdf,7,5.16542525549974,3.0,9,10,10,6.994999999999999,10,5.068870523415978,66.22929577891571
C272.pdf,7,5.66013283654625,3.75,6,10,10,0.9450000000000003,10,4.848484848484849,58.203617685031105
C273.pdf,7,5.20399589207357,4.75,3,10,1,0.7199999999999989,10,3.9393939393939394,45.61338983146751
C274.pdf,7,4.483553052604633,2.25,3,1,2,1.8520000000000003,10,2.4242424242424243,34.00979547684706
C275.pdf,7,5.531151306345104,4.0,9,10,7,0.0,10,3.6363636363636367,56.16751494270875
C276.pdf,7,5.569969190854548,2.75,0,10,7,0.0,6,3.9393939393939394,42.25936313024849
C277.pdf,7,5.199194833515055,2.75,10,10,10,2.683,10,5.919686374231828,63.55188120774688
C278.pdf,7,5.306176783812566,2.75,9,10,3,0.0,4,3.6363636363636367,44.6925404201762
C279.pdf,7,5.569358178053831,3.5,10,10,3,2.426,10,3.6363636363636367,55.131721814417475
C280.pdf,7,4.870105655686762,3.0,10,10,10,0.0,10,3.9393939393939394,58.8094995950807
C281.pdf,7,5.439898624185373,5.0,1,10,5,9.228,10,3.0303030303030303,55.69820165448841
C282.pdf,7,5.231841023298309,3.75,6,10,10,2.04,10,5.94723458359822,59.969075606896524
C283.pdf,7,5.6736985369173185,3.25,6,10,10,0.9699999999999989,10,5.068870523415978,57.962569060333294
C284.pdf,8,4.037656903765691,1.75,0,0,0,0.0,0,0.9090909090909092,14.6967478128566
C285.pdf,7,5.68309150984054,4.5,4,10,9,0.41799999999999926,10,4.848484848484849,55.44957635832539
C286.pdf,7,6.0357572631940855,3.25,0,10,10,0.0,8,5.37190082644628,49.657658089640364
C287.pdf,7,5.559969442322384,1.5,3,10,2,0.0,10,5.37190082644628,44.43187026876866
C288.pdf,7,4.511680624645803,3.0,10,10,10,0.0,10,6.828777283322738,61.34045790796854
C289.pdf,7,5.34585289514867,4.25,7,7,10,0.0,3,6.432506887052342,50.02835978220101
C290.pdf,7,5.579961464354528,5.5,4,10,1,0.0,8,3.9393939393939394,45.01935540374846
C291.pdf,7,5.443425076452599,4.5,0,10,9,0.0,10,5.37190082644628,51.31532590289888
C292.pdf,7,5.068725868725869,4.0,0,10,2,0.0,10,5.37190082644628,43.44062669517215
C293.pdf,7,5.167140825035562,3.75,4,10,6,8.236,10,5.523415977961433,59.676556802997
C294.pdf,7,5.317046390337634,4.0,0,10,0,0.20199999999999996,10,4.848484848484849,41.36753123882249
C295.pdf,7,5.979953081680529,4.5,3,10,10,2.9699999999999998,10,4.242424242424242,57.69237732410477
C296.pdf,8,5.317637902519701,3.0,9,10,10,3.6530000000000005,10,2.727272727272727,61.697910629792425
C297.pdf,7,5.067486141238852,4.0,0,10,10,3.4770000000000003,10,5.068870523415978,54.61335666465483
C298.pdf,7,4.932767162066526,3.0,10,10,10,0.4169999999999998,10,2.4242424242424243,57.77400958630895
C299.pdf,7,5.705967976710334,3.75,0,10,10,4.632999999999999,10,5.674931129476583,56.76389910618692
C300.pdf,7,5.338956576069979,4.0,1,4,1,0.0,3,4.848484848484849,30.187441424554827
C301.pdf,7,5.490572945268167,4.5,4,10,10,9.952,10,4.242424242424242,65.1849971876924
C302.pdf,7,4.811743241001825,2.75,0,10,10,5.715,7,4.242424242424242,51.51916748342607
C303.pdf,8,5.6653577661431065,4.0,0,3,8,0.0,8,4.242424242424242,40.907782008567345
C304.pdf,7,5.4117489270386265,4.5,10,10,7,2.941,10,2.121212121212121,58.97396104825076
C305.pdf,7,5.258864846493712,4.5,0,10,10,10.0,10,4.848484848484849,61.60734969497856
C306.pdf,7,5.7715019255455715,4.5,5,10,7,0.0,4,5.674931129476583,48.946433055022155
C307.pdf,7,5.009809167112538,3.25,1,10,0,0.0,8,4.765840220385675,39.02564938749821
C308.pdf,7,4.7211275131921715,4.5,7,10,10,1.2140000000000004,10,5.523415977961433,59.958543491153605
C309.pdf,7,6.204769736842105,3.75,10,10,1,0.0,10,3.9393939393939394,51.89416367623605
C310.pdf,7,4.798739936996849,4.75,0,10,10,2.053,10,5.068870523415978,53.67061046041283
C311.pdf,7,6.013492793621589,4.0,7,3,0,0.0,4,3.0303030303030303,34.04379582392462
C312.pdf,7,5.142456795889771,2.25,10,10,10,2.598,10,2.727272727272727,59.7177295231625
C313.pdf,7,5.065650834819257,2.75,10,10,10,4.7989999999999995,10,3.9393939393939394,63.554044774213196
C314.pdf,7,5.417010734929811,2.0,0,0,0,0.0,0,2.727272727272727,17.144283462202537
C315.pdf,7,5.632535540759402,3.25,3,10,8,0.0,8,2.727272727272727,47.60980826803213
C316.pdf,8,4.456521739130435,0.25,0,0,0,0.0,0,0.6060606060606061,13.31258234519104
C317.pdf,7,5.50764192139738,0.75,1,2,0,0.0,0,1.2121212121212122,17.46976313351859
C318.pdf,7,5.401953418482344,3.5,10,10,10,8.419666666666666,10,5.674931129476583,69.99655121462558
C319.pdf,7,5.490654205607477,3.5,2,0,0,0.0,3,1.8181818181818183,22.808836023789297
C320.pdf,7,5.730843528654218,4.0,10,10,10,0.0,10,3.9393939393939394,60.67023746804816
C321.pdf,7,5.269209508015478,3.5,10,10,10,1.2669999999999995,10,4.765840220385675,61.80204972840115
C322.pdf,7,5.228310502283105,4.5,6,3,3,1.4499999999999993,10,3.6363636363636367,43.81467413864674
C323.pdf,7,5.533236694967902,2.25,5,10,8,3.6029999999999998,4,5.674931129476583,51.06116782444449
C324.pdf,7,5.533621221468229,3.5,6,2,2,0.0,10,3.6363636363636367,39.669984857831864
C325.pdf,7,5.435573259438864,2.75,10,10,10,3.2089999999999996,10,3.9393939393939394,62.33396719883281
C326.pdf,7,5.4001023716089405,3.5,6,10,10,0.0,8,4.545454545454545,54.445556917063485
C327.pdf,7,5.763888888888888,2.75,0,10,8,0.0,8,3.6363636363636367,45.150252525252526
C328.pdf,7,5.026741731175228,4.25,10,10,10,7.823333333333332,10,4.848484848484849,68.9485599129934
C329.pdf,7,5.222374687222536,3.5,10,10,10,3.9350000000000005,10,4.242424242424242,63.899798929646785
C330.pdf,7,5.738045738045738,4.0,5,10,9,2.691,4,3.9393939393939394,51.36843967743968
C331.pdf,7,5.338758516275549,4.5,1,9,2,0.21300000000000097,9,3.9393939393939394,41.991152455669486
C332.pdf,7,5.010423905489923,2.25,10,10,10,0.0,6,4.545454545454545,54.80587845094447
C333.pdf,7,5.284423828125,3.75,2,10,10,0.0,10,5.37190082644628,53.40632465457128
C334.pdf,7,5.600535296085647,2.75,0,10,10,0.0,10,3.6363636363636367,48.98689893244928
C335.pdf,7,5.622994652406417,4.75,1,10,7,0.0,10,3.333333333333333,48.706327985739755
C336.pdf,7,5.154644930772666,4.25,10,10,10,2.776,10,4.462809917355371,63.64345484812803
C337.pdf,7,5.8120514104490075,4.0,3,10,8,5.9239999999999995,7,4.545454545454545,55.281505955903555
C338.pdf,7,5.753068055039048,3.75,0,5,10,0.08399999999999963,1,1.5151515151515151,34.10221957019056
C339.pdf,7,4.780851725209823,4.5,0,3,0,1.8970000000000002,2,2.727272727272727,25.905124452482546
C340.pdf,7,4.396028681742967,4.5,0,10,10,1.4370000000000012,10,2.4242424242424243,49.757271105985396
C341.pdf,7,4.2929143195967985,3.0,4,10,10,0.0,10,6.596585232948869,54.889499552545665
C342.pdf,7,5.318211276733635,3.0,10,10,10,0.0,10,3.6363636363636367,58.954574913097275
C343.pdf,7,5.8175930922827845,1.5,0,1,0,0.3490000000000002,1,2.727272727272727,19.39386581955551
C344.pdf,7,5.375336364479911,4.0,10,10,10,1.1760000000000002,10,5.94723458359822,63.498570948078125
C345.pdf,7,5.279006707578136,4.5,8,10,8,10.0,10,5.523415977961433,68.30242268553957
C346.pdf,7,5.315075777718691,4.0,7,7,7,0.0,4,4.848484848484849,46.16356062620354
C347.pdf,7,5.160866710439921,2.75,10,10,9,0.9190000000000005,10,4.545454545454545,59.37532125589446
C348.pdf,7,5.581741219540098,4.75,10,10,10,2.8150000000000004,10,4.545454545454545,64.69219576499464
C349.pdf,7,5.627667984189724,3.25,2,10,10,4.9239999999999995,10,3.333333333333333,56.13500131752306
C350.pdf,7,5.0477343014656455,2.75,10,10,10,4.496,10,5.94723458359822,65.24096888506386
C351.pdf,8,5.318661164603393,3.75,0,1,8,5.632,6,2.727272727272727,40.427933891876116
C352.pdf,7,4.978827016726656,4.0,7,10,10,3.1259999999999994,10,3.9393939393939394,60.04422095612059
C353.pdf,7,4.557797233853572,2.0,0,10,7,2.0839999999999996,10,4.848484848484849,47.49028208233842
C354.pdf,7,5.496415770609318,2.75,8,10,8,1.3889999999999993,10,4.765840220385675,57.40125599099499
C355.pdf,7,5.377530548969542,3.5,3,10,10,7.058999999999999,10,4.242424242424242,60.178954791393785
C356.pdf,7,4.997074312463429,3.75,9,10,10,3.6110000000000007,10,3.0303030303030303,61.38837734276646
C357.pdf,7,5.617061314097538,4.25,3,9,10,9.169,10,2.727272727272727,60.763334041370264
C358.pdf,7,5.36962829901893,2.75,10,10,10,2.9829999999999997,10,6.222716677262131,64.32534497628106
C359.pdf,7,5.447012647187091,3.25,8,10,10,0.0,10,3.333333333333333,57.03034598052043
C360.pdf,7,5.0505610195317905,4.0,5,10,10,8.223,9,4.242424242424242,62.51598526195603
C361.pdf,7,5.27281063732233,3.25,0,10,10,1.431000000000001,10,4.545454545454545,51.49926518277688
C362.pdf,7,5.508217097086038,4.5,10,10,10,1.934000000000001,10,5.8264462809917354,64.76866337807778
C363.pdf,7,5.0511265948782915,4.5,0,10,10,2.4850000000000003,10,4.242424242424242,53.27855083730253
C364.pdf,7,5.179513357155011,3.5,1,10,0,0.0,8,4.793388429752066,39.47290178690707
C365.pdf,7,5.577281191806332,4.5,0,3,1,10.0,10,2.4242424242424243,43.50152361604876
C366.pdf,7,5.808267370272647,2.5,0,10,3,7.796666666666667,10,5.523415977961433,51.62835001490075
C367.pdf,7,5.458630716362674,2.75,3,4,4,0.0,8,3.333333333333333,37.54196404969601
C368.pdf,7,5.509361553669031,3.75,0,10,4,2.226,10,4.765840220385675,47.25120177405471
C369.pdf,7,5.395902949295365,4.5,10,10,10,6.609999999999999,8,4.848484848484849,66.3543877977802
C370.pdf,7,5.332516840171464,4.5,10,10,10,0.0,10,5.37190082644628,62.20441766661774
C371.pdf,7,5.243042195716301,2.25,0,10,10,0.0,10,2.4242424242424243,46.91728461995872
C372.pdf,7,5.478848413631022,3.5,4,5,8,4.054,5,1.5151515151515151,43.54799992878254
C373.pdf,7,5.936631461923291,2.25,0,0,1,0.0,0,2.727272727272727,18.913904189196018
C374.pdf,7,5.22508038585209,3.25,4,10,10,2.9589999999999996,10,4.242424242424242,56.67650462827633
C375.pdf,7,5.532246339183716,2.75,8,10,10,0.3670000000000009,10,3.6363636363636367,57.28560997554736
C376.pdf,7,5.427698574338086,3.0,10,10,0,0.0,10,4.848484848484849,50.27618342282294
C377.pdf,7,5.312591722923393,5.25,3,10,10,0.7330000000000005,10,5.8264462809917354,57.12203800391512
C378.pdf,7,5.245415318230853,2.25,0,10,10,2.6479999999999997,10,5.8264462809917354,52.96986159922258
C379.pdf,7,5.5895196506550215,2.25,5,4,2,0.0,4,3.6363636363636367,33.47588328701866
C380.pdf,7,5.677557579003749,3.0,8,10,0,0.0,9,3.9393939393939394,46.616951518397684
C381.pdf,7,5.55622009569378,1.75,0,0,0,0.0,0,1.5151515151515151,15.821371610845295
C382.pdf,7,4.852600198741305,4.0,10,10,10,0.0,10,2.121212121212121,57.973812319953424
C383.pdf,7,5.508758118480614,5.0,6,7,2,7.563000000000001,8,3.6363636363636367,51.70812175484426
C384.pdf,7,6.076363636363636,3.75,6,10,5,0.0,0,2.121212121212121,39.94757575757576
C385.pdf,7,4.7484591037814425,3.0,10,10,10,0.0,10,6.828777283322738,61.57723638710418
C386.pdf,7,5.816659861167823,4.5,0,10,3,5.77,6,3.0303030303030303,45.11696289147085
C387.pdf,7,5.176553672316384,4.0,0,10,10,0.0,4,3.9393939393939394,44.115947611710325
C388.pdf,7,5.536487091478883,3.75,10,10,7,6.228,8,4.765840220385675,62.28032731186456
C390.pdf,7,5.3262982504859755,3.25,4,9,2,0.0,5,2.727272727272727,38.3035709777587
C391.pdf,7,5.224441368400238,4.0,3,10,10,0.0,9,5.37190082644628,53.596342194846514
C392.pdf,7,5.19435646415203,4.5,10,10,10,0.859,10,4.242424242424242,61.795780706576274
C393.pdf,7,5.331448625463054,2.75,10,10,10,2.508,10,3.333333333333333,60.92278195879639
C394.pdf,8,5.76049943246311,1.5,3,0,3,0.0,0,2.727272727272727,23.987772159735837
C395.pdf,7,5.24020618556701,4.5,0,10,1,9.525666666666668,10,3.333333333333333,50.59920618556701
C396.pdf,7,5.160500544069641,4.5,10,10,8,0.5019999999999989,10,3.9393939393939394,59.10189448346358
C397.pdf,7,5.766725873297808,3.25,2,2,9,2.6820000000000004,3,3.0303030303030303,37.72902890360084
C398.pdf,7,4.8392659194482075,4.0,0,10,10,2.412,10,5.068870523415978,53.32013644286418
C399.pdf,7,5.72900466562986,2.25,10,10,3,0.0,8,3.333333333333333,49.312337998963194
C400.pdf,7,5.532159894719526,3.5,1,10,10,0.0,10,4.242424242424242,51.27458413714377
C401.pdf,7,5.487613055446323,4.0,8,10,10,0.0,10,5.068870523415978,59.5564835788623
C402.pdf,7,5.97761685319289,4.25,0,10,0,3.694000000000001,4,0.6060606060606061,35.5276774592535
C403.pdf,7,5.912003943800838,4.0,0,10,3,10.0,10,5.674931129476583,55.586935073277424
C404.pdf,7,5.366136034732271,3.75,10,10,8,10.0,10,5.523415977961433,69.63955201269371
C405.pdf,7,5.580763199163617,2.0,1,10,10,1.3710000000000004,10,5.247933884297521,52.19969708346114
C406.pdf,7,5.947255113024758,3.5,0,4,0,0.0,0,3.9393939393939394,24.386649052418697
C407.pdf,7,5.8044943820224715,3.25,4,10,8,0.0,5,5.8264462809917354,48.8809406630142
C408.pdf,7,5.161573972301605,4.0,3,10,7,0.0,7,4.848484848484849,48.010058820786455
C409.pdf,7,5.289565953330914,3.75,7,10,10,3.367000000000001,10,5.523415977961433,61.929981931292346
C410.pdf,7,4.020319303338171,2.25,2,1,0,0.0,0,0.0,16.27031930333817
C411.pdf,7,5.427435387673957,2.75,6,3,2,0.0,7,3.333333333333333,36.51076872100729
C412.pdf,7,5.274770680109082,2.25,10,10,10,10.0,10,4.242424242424242,68.76719492253332
C413.pdf,7,5.406709829311359,4.0,3,10,10,3.625,10,6.525746980292434,59.55745680960379
C414.pdf,7,5.945303210463734,1.0,0,10,2,0.0,0,2.4242424242424243,28.36954563470616
C415.pdf,7,5.34587995930824,2.5,1,10,2,0.0,0,3.6363636363636367,31.48224359567188
C416.pdf,7,5.163313865455333,3.75,0,10,10,4.470000000000001,5,3.6363636363636367,49.019677501818975
C417.pdf,7,5.576638406674741,4.5,10,10,7,9.313,10,6.735537190082645,70.12517559675739
C418.pdf,7,5.493193823648923,3.5,10,10,10,3.176,10,3.9393939393939394,63.10858776304286
C419.pdf,7,5.3125,2.75,4,10,10,0.0,10,4.462809917355371,53.52530991735537
C420.pdf,7,5.327341024953045,5.0,5,10,10,0.0,10,3.6363636363636367,55.96370466131668
C421.pdf,7,5.661650233523612,4.0,8,9,3,1.4190000000000005,7,4.545454545454545,49.62610477897816
C422.pdf,7,5.887569927684541,3.0,2,10,5,0.0,10,4.848484848484849,47.73605477616939
C423.pdf,8,6.202735317779565,2.0,1,0,0,0.0,0,1.2121212121212122,18.414856529900774
C424.pdf,7,4.70284563082347,3.5,10,10,10,0.809000000000001,10,3.333333333333333,59.34517896415681
C425.pdf,7,5.747074023407813,3.75,0,10,7,0.0,10,1.8181818181818183,45.31525584158963
C426.pdf,7,5.0787063537492845,5.5,4,10,10,10.0,10,4.242424242424242,65.82113059617353
C427.pdf,7,5.6479428430647935,4.75,4,10,10,2.383,10,4.848484848484849,58.62942769154965
C428.pdf,7,5.545087483176312,3.0,3,10,0,1.3010000000000002,10,1.8181818181818183,41.66426930135813
C429.pdf,7,5.535956580732701,3.75,10,8,7,0.7319999999999993,10,3.9393939393939394,55.95735052012664
C430.pdf,7,5.241539301310044,3.5,8,10,10,1.3829999999999991,10,5.068870523415978,60.19340982472602
C431.pdf,6,0.0,0.0,0,0,0,0.0,0,0.0,6.0
C432.pdf,7,5.589252042740415,1.75,7,10,10,3.0299999999999994,10,3.333333333333333,57.70258537607375
C433.pdf,7,5.141438632952315,2.0,4,10,10,0.0,10,3.9393939393939394,52.08083257234625
C434.pdf,7,5.432144170650974,3.25,10,10,10,3.1910000000000007,10,5.37190082644628,64.24504499709725
C435.pdf,7,5.734167002823719,3.75,0,10,10,3.048,4,5.068870523415978,48.60103752623969
C436.pdf,7,5.745312500000001,4.0,10,10,10,10.0,10,2.4242424242424243,69.16955492424242
C437.pdf,7,5.4643357675001845,2.25,10,10,10,2.2270000000000003,10,4.765840220385675,61.70717598788587
C438.pdf,7,5.540213523131673,1.5,2,10,7,0.0,10,4.242424242424242,47.28263776555591
C439.pdf,7,4.8930502233017314,4.5,9,10,10,6.499333333333334,10,5.068870523415978,66.96125408005103
C440.pdf,7,5.229671473167831,2.25,3,10,10,0.7519999999999989,10,5.068870523415978,53.3005419965838
C441.pdf,7,5.28951231446746,2.75,0,10,10,7.351000000000001,10,1.8181818181818183,54.20869413264928
C442.pdf,7,5.325981580222976,4.5,8,10,10,2.261,10,4.848484848484849,61.93546642870783
C443.pdf,7,5.713185967227537,3.25,8,10,10,10.0,10,4.545454545454545,68.50864051268208
C444.pdf,7,5.493230174081239,4.5,4,10,1,2.5709999999999997,10,4.848484848484849,49.41271502256609
C445.pdf,7,5.874375446109922,3.75,0,10,1,0.0,10,4.848484848484849,42.472860294594774
C446.pdf,7,5.369938089921851,3.0,10,10,10,3.359,10,1.8181818181818183,60.547119908103674
C447.pdf,7,4.677012177012177,4.0,5,10,10,0.0,10,4.545454545454545,55.22246672246672
C448.pdf,7,5.994477257037662,3.5,5,10,1,0.0,10,3.6363636363636367,46.1308408934013
C449.pdf,7,5.254330795542314,3.25,10,10,10,1.6050000000000004,10,5.8264462809917354,62.93577707653405
C450.pdf,7,5.531581012161632,3.5,10,10,10,4.409000000000001,10,7.202645839009474,67.64322685117111
C451.pdf,7,5.31136638452237,4.5,9,10,10,7.212,9,3.333333333333333,65.3566997178557
C452.pdf,7,5.273885350318471,3.75,10,10,10,3.5999999999999996,10,5.674931129476583,65.29881647979505
C453.pdf,7,5.410680076628353,4.5,0,10,10,10.0,10,2.121212121212121,59.03189219784048
C454.pdf,7,5.458134561605528,3.5,0,10,9,0.7720000000000002,10,2.4242424242424243,48.15437698584795
C455.pdf,7,5.502857142857143,4.5,10,10,9,1.158999999999999,9,4.848484848484849,61.01034199134199
C456.pdf,7,5.261230686791105,2.25,7,10,10,0.0,10,4.848484848484849,56.35971553527596
C457.pdf,7,5.501607173067163,3.0,5,10,10,1.5259999999999998,10,3.6363636363636367,55.66397080943081
C458.pdf,7,4.798600199971433,2.75,10,10,10,5.599,10,5.37190082644628,65.51950102641771
C459.pdf,7,5.768027530111059,2.5,4,10,10,4.35,10,5.8264462809917354,59.444473811102796
C460.pdf,7,5.3767920597965935,3.0,7,10,10,0.0,10,5.37190082644628,57.74869288624287
C461.pdf,7,6.026372761267467,4.0,0,10,8,2.2800000000000002,10,3.9393939393939394,51.245766700661406
C462.pdf,7,5.414554130629288,4.25,10,10,9,0.8390000000000004,10,5.37190082644628,61.87545495707556
C463.pdf,7,5.457023733162284,4.5,0,10,10,3.84,10,4.848484848484849,55.64550858164714
C464.pdf,7,5.266296955111437,4.5,10,10,10,1.4930000000000003,10,4.848484848484849,63.10778180359629
C465.pdf,7,5.048057669203043,4.0,10,10,10,1.4749999999999996,10,3.0303030303030303,60.55336069950608
C466.pdf,7,5.425641025641026,1.75,5,10,10,0.0,2,2.727272727272727,43.902913752913754
C467.pdf,7,5.4400779473855145,3.5,7,10,7,0.0,9,2.727272727272727,51.667350674658245
C468.pdf,7,5.938365650969529,3.75,5,7,1,0.0,1,3.0303030303030303,33.71866868127256
C469.pdf,7,5.303174465876655,4.25,8,10,10,7.543000000000001,10,2.4242424242424243,64.52041689011908
C470.pdf,7,5.2047602380119,4.5,0,10,10,5.617000000000001,10,7.131807586353041,59.453567824364946
C471.pdf,7,5.484135667396062,2.75,0,10,3,1.3739999999999988,2,3.6363636363636367,35.244499303759696
C472.pdf,7,5.201016853403634,1.5,0,10,10,2.423,10,2.727272727272727,48.85128958067636
C473.pdf,7,5.381923560610203,4.0,10,10,10,0.6490000000000009,10,5.22038567493113,62.251309235541335
C474.pdf,7,5.510017457810292,2.25,10,10,10,0.0,10,5.550964187327825,60.31098164513811
C475.pdf,7,5.28882166522616,3.5,0,10,10,1.4920000000000009,10,5.8264462809917354,53.10726794621789
C476.pdf,7,5.1414169700364045,3.75,0,10,4,0.923,2,3.6363636363636367,36.450780606400045
C477.pdf,7,5.256826657043185,1.75,8,10,5,2.6319999999999997,10,4.242424242424242,53.881250899467425
C478.pdf,7,5.306326939593474,1.75,0,10,8,0.847999999999999,10,3.333333333333333,46.23766027292681
C479.pdf,7,5.614814814814815,3.0,0,5,10,8.778,10,2.727272727272727,52.12008754208754
C480.pdf,7,5.791887976822791,4.0,1,10,5,9.534333333333334,10,3.0303030303030303,55.35652434045916
C481.pdf,7,5.854334882962238,2.5,0,10,3,7.297333333333333,10,5.523415977961433,51.175084194257
C482.pdf,7,5.421552205471803,3.5,10,10,3,0.46799999999999997,9,3.9393939393939394,52.32894614486574
C483.pdf,7,5.638543773475874,3.75,5,10,2,0.0,9,4.545454545454545,46.93399831893042
C484.pdf,7,5.315753887762002,4.0,6,10,10,6.6240000000000006,10,4.242424242424242,63.182178130186244
C485.pdf,7,6.2260343087790115,4.5,0,0,0,0.0,0,1.5151515151515151,19.24118582393053
C486.pdf,7,5.716401332839689,4.0,0,10,8,0.0,7,4.848484848484849,46.56488618132454
C487.pdf,7,5.160183066361555,4.75,10,10,7,1.6110000000000007,10,6.525746980292434,62.04693004665399
C488.pdf,7,5.43743842364532,5.0,0,6,10,0.9969999999999999,10,2.727272727272727,47.161711150918045
C489.pdf,7,5.4198662373049284,2.75,10,10,2,7.734,10,5.068870523415978,59.972736760720906
C490.pdf,7,5.158037141802976,1.75,7,10,0,0.0,10,3.0303030303030303,43.93834017210601
C491.pdf,7,5.484065395916522,4.0,3,10,10,3.0549999999999997,10,2.727272727272727,55.26633812318925
C492.pdf,7,5.174094707520891,3.75,7,10,10,3.367000000000001,10,5.94723458359822,62.238329291119115
C493.pdf,7,5.345401581356638,3.75,10,10,7,0.0,6,4.848484848484849,53.94388642984149
C494.pdf,8,5.748244192328471,3.25,0,0,9,1.5519999999999996,2,2.121212121212121,31.67145631354059
C495.pdf,7,5.024617776626069,1.0,10,10,10,0.0,10,4.462809917355371,57.487427693981445
C496.pdf,7,5.410044116758325,1.75,10,10,10,0.7029999999999994,10,6.553295189658826,61.41633930641716
C497.pdf,7,5.066303978238694,4.5,7,10,10,0.31099999999999994,10,4.848484848484849,58.725788826723544
C498.pdf,7,5.604219948849105,3.5,8,10,3,2.1710000000000003,10,1.2121212121212122,50.48734116097032
C499.pdf,7,5.307896890343699,4.0,10,10,10,0.0,10,4.242424242424242,60.55032113276794
C500.pdf,7,5.230760168468177,5.75,10,10,10,3.907,10,3.6363636363636367,65.52412380483182
C501.pdf,7,5.434782608695652,2.25,10,10,2,1.4920000000000009,10,4.242424242424242,52.4192068511199
C502.pdf,7,5.168505815687444,4.0,0,10,10,9.077333333333334,10,4.242424242424242,59.488263391445024
C503.pdf,7,4.769069541133319,3.5,10,10,10,2.992,10,3.9393939393939394,62.200463480527254
C504.pdf,7,5.322057460611678,3.0,6,7,5,0.0,4,3.9393939393939394,41.26145140000561
C505.pdf,7,4.541322314049586,2.25,0,10,7,0.0,9,5.068870523415978,44.86019283746556
C506.pdf,7,5.806715806715807,3.5,0,1,0,0.0,0,3.9393939393939394,21.246109746109745
C507.pdf,7,5.534306324442207,4.0,5,10,1,0.0,10,5.37190082644628,47.906207150888484
C508.pdf,7,5.844259038537942,2.25,6,10,7,0.0,2,3.9393939393939394,44.03365297793188
C509.pdf,7,5.55359246171967,4.0,0,10,10,1.5790000000000006,10,5.068870523415978,53.20146298513565
C510.pdf,7,5.420952896589063,3.5,10,10,7,0.0,10,6.735537190082645,59.65649008667171
C511.pdf,7,5.2226765388440715,4.5,2,10,10,5.011,10,4.848484848484849,58.582161387328924
C512.pdf,7,5.236368346069162,2.75,4,10,10,0.0,10,4.242424242424242,53.228792588493405
C513.pdf,7,5.187314540059347,2.25,10,10,10,0.0,8,3.9393939393939394,56.376708479453285
C514.pdf,7,5.261369315342329,3.5,10,10,7,4.984999999999999,10,4.242424242424242,61.98879355776657
C515.pdf,7,5.439017081210668,3.25,0,10,3,0.0,10,3.333333333333333,42.022350414544
C516.pdf,7,5.443455093598822,3.25,0,10,10,4.518000000000001,10,6.828777283322738,57.04023237692156
C517.pdf,7,5.280559032123487,3.75,10,10,10,0.0,10,6.553295189658826,62.58385422178232
C518.pdf,7,5.171983603635716,2.25,10,10,7,9.256,10,3.0303030303030303,63.70828663393875
C519.pdf,7,6.372261647639617,4.75,1,5,2,0.11500000000000021,10,7.80870644507008,44.0459680927097
C520.pdf,7,5.371225958955624,2.75,1,10,2,2.3529999999999998,10,3.333333333333333,43.80755929228896
C521.pdf,7,5.0166666666666675,4.0,10,10,9,4.394,10,4.242424242424242,63.653090909090906
C522.pdf,7,5.446969696969697,1.75,7,10,10,1.1669999999999998,10,5.523415977961433,57.88738567493113
C523.pdf,7,5.115031588985577,3.75,0,10,10,9.587,10,4.242424242424242,59.69445583140982
C524.pdf,7,5.376415722851432,4.5,8,10,9,0.8789999999999996,10,6.129476584022039,60.88489230687347
C525.pdf,7,5.478827361563518,3.25,0,10,10,3.173,10,3.333333333333333,52.235160694896855
C526.pdf,7,5.16385656613631,4.75,4,10,10,10.0,10,4.848484848484849,65.76234141462116
C527.pdf,7,4.99140541867889,3.0,10,10,10,3.333,10,3.333333333333333,61.65773875201223
C528.pdf,7,6.057184295037812,3.75,2,7,3,10.0,10,4.765840220385675,53.57302451542349
C529.pdf,7,5.151943029038001,4.5,0,10,10,5.3580000000000005,10,2.727272727272727,54.737215756310725
C530.pdf,7,5.397529299968324,4.25,0,10,7,0.0,10,2.121212121212121,45.76874142118045
C531.pdf,7,5.103315272293139,4.5,0,10,10,9.22,10,2.727272727272727,58.55058799956586
C532.pdf,7,5.107066381156317,2.75,0,10,3,0.0,0,1.2121212121212122,29.069187593277526
C533.pdf,7,5.571189279731993,5.25,10,10,10,5.596,6,3.9393939393939394,63.35658321912594
C534.pdf,7,5.498568702290076,2.75,6,10,10,0.0,10,3.333333333333333,54.58190203562341
C535.pdf,7,5.941680960548885,3.25,8,10,10,0.0,8,2.727272727272727,54.91895368782161
C536.pdf,7,5.761566452954428,1.75,3,10,7,0.4529999999999994,9,3.333333333333333,47.297899786287765
C537.pdf,7,5.430591992699897,3.0,0,8,5,0.0,10,5.674931129476583,44.10552312217648
C538.pdf,7,5.313292992387273,4.25,6,10,6,0.8739999999999988,8,3.9393939393939394,51.37668693178121
C539.pdf,7,5.574689080224136,4.75,0,8,7,7.811,8,5.674931129476583,53.810620209700716
C540.pdf,7,5.795504627589247,4.5,6,10,0,5.308999999999999,6,3.6363636363636367,48.240868263952876
C541.pdf,7,5.237097485663873,3.25,2,10,9,0.0,10,4.242424242424242,50.729521728088116
C542.pdf,7,5.247873633049817,4.5,3,10,10,3.146000000000001,10,5.674931129476583,58.568804762526405
C543.pdf,7,5.348001150417026,3.25,10,10,10,10.0,10,1.2121212121212122,66.81012236253824
C544.pdf,7,5.193422294109719,4.5,1,10,10,0.0,10,4.765840220385675,52.4592625144954
C545.pdf,7,4.9112616973217165,3.0,4,10,10,0.3260000000000005,10,4.545454545454545,53.78271624277627
C546.pdf,7,5.550915515579826,2.25,7,10,10,0.7169999999999987,10,2.727272727272727,55.24518824285255
C547.pdf,7,5.648148148148148,3.5,0,10,10,0.33800000000000097,10,2.727272727272727,49.21342087542088
C548.pdf,7,5.507070092747454,3.75,5,10,9,5.85,7,3.333333333333333,56.44040342608079
C549.pdf,7,5.569044006069803,2.75,7,10,10,0.0,10,4.545454545454545,56.86449855152435
C550.pdf,7,5.406585410223759,3.5,0,10,0,1.4269999999999996,10,3.333333333333333,40.6669187435571
C551.pdf,7,5.361813426329556,2.0,10,10,10,1.295,10,3.333333333333333,58.99014675966289
C552.pdf,7,5.340352151025595,4.0,0,10,0,8.787,9,0.6060606060606061,44.73341275708621
C553.pdf,7,5.603261774005658,4.0,1,10,10,7.299999999999999,10,1.5151515151515151,56.41841328915717
C554.pdf,7,5.070150694083587,3.5,6,10,10,3.007999999999999,10,5.523415977961433,60.101566672045024
C555.pdf,7,5.169739438057011,2.75,1,10,10,1.065999999999999,10,5.674931129476583,52.66067056753359
C556.pdf,7,4.841613091759205,4.0,0,10,10,0.0,10,2.727272727272727,48.568885819031934
C557.pdf,7,5.254338719329743,4.5,9,10,3,0.3070000000000004,10,4.848484848484849,53.9098235678146
C558.pdf,7,5.339702760084926,1.0,0,10,7,0.30600000000000094,6,4.242424242424242,40.88812700250917
C559.pdf,7,5.376871450696954,1.5,7,10,10,2.4299999999999997,10,4.242424242424242,57.549295693121195
C560.pdf,7,4.762149652867061,3.0,3,10,10,0.015000000000000568,10,5.8264462809917354,53.6035959338588
C561.pdf,7,5.438508064516129,4.5,8,10,10,0.3829999999999991,10,3.9393939393939394,59.26090200391006
C562.pdf,7,5.530377668308702,4.5,3,10,6,0.0,3,4.848484848484849,43.87886251679355
C563.pdf,7,5.065510597302505,3.25,4,10,10,0.0,8,2.727272727272727,50.04278332457523
C564.pdf,7,5.179357394366198,3.75,0,10,10,10.0,10,1.8181818181818183,57.74753921254802
C565.pdf,7,5.450346420323325,4.0,1,6,0,0.0,5,3.333333333333333,31.783679753656656
C566.pdf,7,5.216294160057679,3.0,0,10,3,0.0,3,5.523415977961433,36.73971013801911
C567.pdf,7,4.448563484708063,4.25,4,6,0,4.289,5,2.121212121212121,37.10877560592019
C568.pdf,7,5.214723926380368,3.5,9,10,6,2.248,7,7.501084773812047,57.463808700192416
C569.pdf,7,5.711089010442566,4.5,0,10,10,0.0,10,4.242424242424242,51.453513252866806
C570.pdf,7,5.148429409734208,3.75,0,10,10,5.272,10,5.37190082644628,56.54233023618048
C571.pdf,7,5.306879287965883,4.0,9,10,10,3.2729999999999997,10,3.9393939393939394,62.51927322735982
C572.pdf,7,5.453299392990014,4.5,8,10,9,0.0,7,1.8181818181818183,52.77148121117184
C573.pdf,7,5.400036449790414,1.5,6,10,8,8.588,9,4.462809917355371,59.950846367145786
C574.pdf,7,5.249657333072254,4.0,10,10,10,0.0,10,5.8264462809917354,62.07610361406398
C575.pdf,7,5.567664593884222,4.75,8,10,10,2.248,10,3.9393939393939394,61.50505853327816
C576.pdf,7,5.465734265734266,2.25,4,10,10,0.0,10,3.333333333333333,52.049067599067605
C577.pdf,7,5.625894134477826,2.0,10,10,8,0.0,9,1.8181818181818183,53.444075952659645
C578.pdf,7,5.303363376566278,4.0,7,10,10,0.0,10,4.848484848484849,58.15184822505113
C579.pdf,7,5.460307399778165,3.5,7,10,10,0.0,9,6.129476584022039,58.0897839838002
C580.pdf,7,5.2158566386098295,3.75,10,10,3,0.0,10,3.9393939393939394,52.905250578003766
C581.pdf,5,4.9669135802469135,1.5,10,10,0,0.23499999999999943,10,6.222716677262131,47.92463025750904
C582.pdf,7,6.0232495268991615,3.75,2,8,10,0.0,5,3.6363636363636367,45.409613163262804
C583.pdf,7,5.360580276189148,4.0,0,10,10,0.0,10,5.674931129476583,52.03551140566573
C584.pdf,7,5.701643489254109,1.75,1,10,7,2.612,3,4.848484848484849,42.91212833773896
C585.pdf,7,5.909090909090909,1.75,5,7,10,0.4089999999999989,1,6.432506887052342,44.500597796143246
C586.pdf,7,5.678479989219781,4.5,3,10,0,1.061,10,2.727272727272727,43.96675271649251
C587.pdf,7,5.639595225739491,3.5,5,10,10,0.0,10,5.523415977961433,56.663011203700925
C588.pdf,7,5.686022610483042,3.75,7,10,7,0.0,10,5.674931129476583,56.110953739959626
C589.pdf,7,5.1119208745445075,3.75,0,10,10,10.0,10,5.068870523415978,60.93079139796049
C590.pdf,7,5.439850064425443,4.0,0,10,10,0.16999999999999993,10,5.853994490358127,52.46384455478357
C591.pdf,7,5.836382645060115,4.5,10,8,4,0.0,6,5.37190082644628,50.70828347150639
C592.pdf,7,5.863840719332049,1.5,0,5,0,0.0,0,1.5151515151515151,20.878992234483565
C593.pdf,7,5.905385375494071,4.5,9,10,10,2.4000000000000004,10,3.6363636363636367,62.44174901185771
C594.pdf,7,5.907059874888293,4.0,1,10,8,0.09799999999999898,10,4.848484848484849,50.85354472337314
C595.pdf,7,5.356978350990326,3.75,10,10,7,0.14000000000000057,6,4.242424242424242,53.48940259341457
C596.pdf,7,5.468357959297463,4.5,5,10,5,0.0,10,3.9393939393939394,50.9077518986914
C597.pdf,7,5.397377575595398,1.5,1,3,3,0.0,6,3.9393939393939394,30.836771514989337
C598.pdf,7,5.323760683760684,3.5,10,10,10,1.6029999999999998,10,5.247933884297521,62.67469456805821
C599.pdf,7,5.12985965478303,3.75,2,10,3,9.395,10,2.4242424242424243,52.69910207902545
C600.pdf,8,5.19216225507047,4.25,7,10,10,1.6460000000000008,10,5.37190082644628,61.46006308151675
C601.pdf,7,5.366066748208981,4.25,10,10,7,0.0,9,2.727272727272727,55.343339475481706
C602.pdf,7,5.165063326181743,2.5,10,10,10,8.477,10,4.242424242424242,67.38448756860598
C603.pdf,7,5.216118477699329,4.25,6,10,8,1.0039999999999996,10,7.131807586353041,58.601926064052364
C604.pdf,7,5.547160614184743,2.75,2,10,1,0.0,10,2.727272727272727,41.024433341457474
C605.pdf,7,5.486292428198434,3.75,8,10,10,0.0,10,6.872067326612781,61.10835975481121
C606.pdf,7,4.858593905596495,4.0,10,10,10,1.9559999999999995,10,5.068870523415978,62.88346442901248
C607.pdf,7,5.723437154848686,3.5,6,10,10,0.0,8,5.068870523415978,55.29230767826466
C608.pdf,7,6.070672873465933,1.5,0,10,6,3.946999999999999,10,2.727272727272727,47.24494560073866
C609.pdf,7,5.5099406145107155,4.0,7,10,10,3.157,10,3.9393939393939394,60.606334553904645
C610.pdf,7,5.532194480946123,1.75,1,2,0,0.0,2,3.9393939393939394,23.221588420340062
